{
  "hash": "7ff5f59d",
  "configHash": "a43935cb",
  "lockfileHash": "e838c454",
  "browserHash": "72b4353c",
  "optimized": {
    "@angular/common/http": {
      "src": "../../../../../node_modules/@angular/common/fesm2022/http.mjs",
      "file": "@angular_common_http.js",
      "fileHash": "889f169b",
      "needsInterop": false
    },
    "@angular/core": {
      "src": "../../../../../node_modules/@angular/core/fesm2022/core.mjs",
      "file": "@angular_core.js",
      "fileHash": "2adf6bc5",
      "needsInterop": false
    },
    "@angular/forms": {
      "src": "../../../../../node_modules/@angular/forms/fesm2022/forms.mjs",
      "file": "@angular_forms.js",
      "fileHash": "8608878a",
      "needsInterop": false
    },
    "@angular/platform-browser": {
      "src": "../../../../../node_modules/@angular/platform-browser/fesm2022/platform-browser.mjs",
      "file": "@angular_platform-browser.js",
      "fileHash": "1d5cbc9f",
      "needsInterop": false
    },
    "@angular/router": {
      "src": "../../../../../node_modules/@angular/router/fesm2022/router.mjs",
      "file": "@angular_router.js",
      "fileHash": "3134d6f3",
      "needsInterop": false
    },
    "papaparse": {
      "src": "../../../../../node_modules/papaparse/papaparse.min.js",
      "file": "papaparse.js",
      "fileHash": "25c91fff",
      "needsInterop": true
    },
    "rxjs": {
      "src": "../../../../../node_modules/rxjs/dist/esm5/index.js",
      "file": "rxjs.js",
      "fileHash": "6ec12952",
      "needsInterop": false
    },
    "@angular/common": {
      "src": "../../../../../node_modules/@angular/common/fesm2022/common.mjs",
      "file": "@angular_common.js",
      "fileHash": "24bfcd5e",
      "needsInterop": false
    }
  },
  "chunks": {
    "chunk-P7RLE5YQ": {
      "file": "chunk-P7RLE5YQ.js"
    },
    "chunk-PREW3OV3": {
      "file": "chunk-PREW3OV3.js"
    },
    "chunk-VBIE6LKH": {
      "file": "chunk-VBIE6LKH.js"
    },
    "chunk-M4XJ4RAE": {
      "file": "chunk-M4XJ4RAE.js"
    },
    "chunk-CO2UG7VT": {
      "file": "chunk-CO2UG7VT.js"
    },
    "chunk-WKYGNSYM": {
      "file": "chunk-WKYGNSYM.js"
    }
  }
}